{"mtx": [[651.9365760592657, 0.0, 308.32205559981975], [0.0, 653.1235850890956, 244.76663015485028], [0.0, 0.0, 1.0]], "dist": [[0.14741141386486922, -0.9959308890568124, -0.0010040007268033052, 0.0013455849026873983, 1.1654080925148422]]}